cam,frame,image_name,direction,component_id,area,bbox_x,bbox_y,bbox_w,bbox_h,centroid_x,centroid_y,near_point_count,near_score_sum,min_center_dist,top_point_ids,top_point_scores
21,0,c21_f000000,inner,9,291,353,280,13,56,359.10996563573883,307.8213058419244,1607,297.51837158203125,0.0,22336;19326;13818;16983;3355;175;6384;7895,1.000000;1.000000;1.000000;1.000000;1.000000;1.000000;1.000000;1.000000
21,0,c21_f000000,inner,12,421,364,354,13,91,371.28503562945366,393.14251781472683,1236,148.166015625,0.0,14668;46744;31217;32734;17854;2893;17906;17774,1.000000;1.000000;1.000000;1.000000;1.000000;1.000000;1.000000;0.997567
21,0,c21_f000000,inner,2,150,331,149,16,32,340.6666666666667,163.59333333333333,1102,270.0156555175781,0.0,20573;18997;9837;18556;6184;5088;7258;9700,1.000000;1.000000;1.000000;1.000000;1.000000;1.000000;1.000000;1.000000
21,0,c21_f000000,inner,5,114,329,216,17,20,336.2719298245614,224.28070175438597,1012,190.57777404785156,0.0,42774;28446;42642;27703;2220;4053;18505;35231,1.000000;1.000000;0.999926;0.998520;0.957760;0.946944;0.946944;0.946944
21,0,c21_f000000,outer,1,3542,266,143,55,394,291.84697910784865,313.34923771880295,5554,1198.7991943359375,0.0,11855;11816;9152;9166;930;36;3423;3539,1.000000;1.000000;1.000000;1.000000;1.000000;1.000000;1.000000;1.000000
21,0,c21_f000000,outer,12,938,341,473,33,112,354.4275053304904,525.6226012793177,1241,136.6427001953125,0.0,46761;43198;35120;32194;25732;14548;15774;14313,1.000000;1.000000;1.000000;1.000000;0.983615;0.977686;0.975201;0.951148
21,0,c21_f000000,outer,15,244,311,588,23,31,318.7909836065574,607.9303278688525,954,344.30474853515625,0.0,11830;11273;10938;10957;6722;4352;9684;10893,1.000000;1.000000;1.000000;1.000000;1.000000;1.000000;1.000000;1.000000
21,0,c21_f000000,outer,13,251,299,542,12,45,304.6812749003984,567.7888446215139,733,168.42430114746094,0.0,7904;28283;23546;25588;13439;7385;14086;19783,1.000000;1.000000;1.000000;1.000000;1.000000;1.000000;1.000000;1.000000
21,60,c21_f000060,inner,13,476,354,367,35,86,372.3802521008403,410.17857142857144,991,135.98048400878906,0.0,2893;38940;21055;46765;29959;10259;45783;11705,1.000000;1.000000;1.000000;1.000000;1.000000;0.990189;0.990189;0.988324
21,60,c21_f000060,inner,12,523,356,340,89,21,406.83173996175907,353.67686424474186,692,119.49532318115234,0.0,19776;16483;12823;7265;26209;14633;16408;24261,1.000000;0.990189;0.990185;0.985385;0.976439;0.946944;0.946944;0.946944
21,60,c21_f000060,inner,7,103,335,192,7,24,338.5145631067961,203.24271844660194,1361,287.0396423339844,0.0,26493;26130;15867;23075;11254;2456;13821;15088,1.000000;1.000000;1.000000;1.000000;1.000000;1.000000;1.000000;1.000000
21,60,c21_f000060,inner,6,57,334,178,7,12,336.87719298245617,183.89473684210526,717,173.36558532714844,0.0,40443;34161;33600;26986;5502;1997;6637;14477,1.000000;1.000000;1.000000;1.000000;1.000000;0.999908;0.990189;0.975267
21,60,c21_f000060,outer,11,912,281,343,27,170,294.0043859649123,425.69627192982455,3462,701.1983032226562,0.0,14461;13504;11516;13396;1375;36;9803;10845,1.000000;1.000000;1.000000;1.000000;1.000000;1.000000;1.000000;1.000000
21,60,c21_f000060,outer,19,1159,301,542,91,72,338.33563416738565,591.8757549611735,1580,337.15509033203125,0.0,7385;4079;3125;3787;1145;722;1526;3062,1.000000;1.000000;1.000000;1.000000;1.000000;1.000000;1.000000;1.000000
21,60,c21_f000060,outer,10,823,349,317,97,25,406.8262454434994,329.1992709599028,723,120.18992614746094,0.0,38111;29453;23723;28062;32365;10414;1762;32399,1.000000;1.000000;1.000000;1.000000;0.999822;0.991915;0.990088;0.951364
21,60,c21_f000060,outer,5,65,323,214,13,14,328.3692307692308,219.35384615384615,1051,194.41998291015625,0.0,4605;34543;10478;22615;22089;37020;19788;3888,0.924872;0.924872;0.924872;0.924872;0.924872;0.920653;0.897130;0.867697
21,120,c21_f000120,inner,11,485,349,324,30,79,361.620618556701,360.9958762886598,1630,375.3764953613281,0.0,9298;6384;3495;5858;1813;175;3189;3300,1.000000;1.000000;1.000000;1.000000;1.000000;1.000000;1.000000;1.000000
21,120,c21_f000120,inner,1,344,312,148,13,85,319.8575581395349,187.53488372093022,1906,370.6171875,0.0,43586;37075;33934;36587;21207;19824;24124;27010,1.000000;1.000000;1.000000;1.000000;1.000000;1.000000;1.000000;1.000000
21,120,c21_f000120,inner,13,209,391,334,57,9,419.0622009569378,338.0287081339713,200,10.144065856933594,0.0,22336;1009;8689;35155;44763;28652;32907;16896,0.449829;0.430433;0.391347;0.375089;0.362751;0.350573;0.350573;0.339966
21,120,c21_f000120,inner,14,25,294,546,5,6,295.8,548.68,451,75.42877197265625,0.0,33384;14770;1526;30985;24672;26956;107;15619,1.000000;0.946944;0.946944;0.923925;0.893889;0.859819;0.817817;0.817632
21,120,c21_f000120,outer,16,2362,294,419,76,178,330.36790855207454,504.84081287044876,5962,1148.80322265625,0.0,3567;3539;1179;1358;640;98;649;866,1.000000;1.000000;1.000000;1.000000;1.000000;1.000000;1.000000;1.000000
21,120,c21_f000120,outer,11,1486,262,302,35,246,278.04104979811575,410.9912516823688,2918,606.416015625,0.0,17184;11348;9152;10645;3341;1090;3924;4160,1.000000;1.000000;1.000000;1.000000;1.000000;1.000000;1.000000;1.000000
21,120,c21_f000120,outer,7,1030,341,240,121,98,410.4621359223301,302.173786407767,1081,218.4957275390625,0.0,10378;27296;18547;37887;19745;10910;27055;42785,1.000000;1.000000;1.000000;1.000000;1.000000;0.997526;0.994675;0.993530
21,120,c21_f000120,outer,17,439,383,445,10,108,387.7995444191344,500.17539863325743,534,42.82636260986328,0.0,38231;46792;24197;23215;35271;45514;6980;20961,0.946944;0.946944;0.892745;0.806472;0.802198;0.754186;0.734722;0.718727
21,180,c21_f000180,inner,18,221,331,456,10,58,334.38009049773757,482.6606334841629,1633,339.40899658203125,0.0,12587;10779;9327;10118;5281;2088;5326;8908,1.000000;1.000000;1.000000;1.000000;1.000000;1.000000;1.000000;1.000000
21,180,c21_f000180,inner,7,74,324,197,6,19,326.05405405405406,205.14864864864865,1273,286.0572509765625,0.0,29246;27298;20544;25925;9069;695;19334;19930,1.000000;1.000000;1.000000;1.000000;1.000000;1.000000;1.000000;1.000000
21,180,c21_f000180,inner,13,91,355,313,12,13,360.0879120879121,318.4945054945055,874,114.30848693847656,0.0,20226;37212;22585;33946;39;29923;20419;39320,0.923928;0.915797;0.912711;0.891748;0.869776;0.820126;0.813325;0.805847
21,180,c21_f000180,inner,22,42,339,515,3,14,340.0,521.5,678,162.227294921875,0.0,43616;31913;28990;30678;17460;1851;17889;19836,1.000000;1.000000;1.000000;1.000000;1.000000;1.000000;1.000000;1.000000
21,180,c21_f000180,outer,15,1643,282,461,73,134,315.4017041996348,541.9866098600122,3219,803.07763671875,0.0,7385;4219;1687;2058;847;78;930;1476,1.000000;1.000000;1.000000;1.000000;1.000000;1.000000;1.000000;1.000000
21,180,c21_f000180,outer,14,1235,350,355,42,176,367.31983805668017,438.99838056680164,2712,367.61285400390625,0.0,15856;41999;27175;41798;17839;2401;19552;6256,1.000000;1.000000;1.000000;1.000000;1.000000;1.000000;1.000000;0.976142
21,180,c21_f000180,outer,8,2095,157,259,132,178,239.59331742243438,330.8286396181384,1102,130.74993896484375,0.0,20937;25621;1254;35809;15873;17343;1916;30200,0.949319;0.923928;0.923928;0.897130;0.893889;0.881287;0.867697;0.867162
21,180,c21_f000180,outer,7,744,326,216,84,96,373.3279569892473,256.01344086021504,1606,276.60308837890625,0.0,35774;30651;15867;20719;912;712;12822;15088,1.000000;1.000000;1.000000;1.000000;1.000000;1.000000;1.000000;1.000000
21,240,c21_f000240,inner,14,182,350,369,8,52,353.9230769230769,395.61538461538464,1115,140.61351013183594,0.0,43719;5048;11629;38898;9424;18333;44803;34539,1.000000;0.946944;0.915797;0.915797;0.896473;0.893889;0.871093;0.870872
21,240,c21_f000240,inner,3,141,323,196,10,26,326.7588652482269,207.5035460992908,1100,167.49102783203125,0.0,16491;37007;24083;20554;40297;309;32086;20372,1.000000;1.000000;1.000000;0.990189;0.936153;0.915797;0.893889;0.893889
21,240,c21_f000240,inner,4,41,337,226,9,10,341.1219512195122,230.3170731707317,986,271.1045227050781,0.0,21672;35016;7684;2187;18537;10664;27921;18556,1.000000;1.000000;1.000000;1.000000;0.999999;0.996133;0.990189;0.990189
21,240,c21_f000240,inner,8,65,349,268,6,19,351.38461538461536,277.10769230769233,1129,126.37995147705078,0.0,22393;29647;20009;40721;5487;11077;34067;17581,0.874834;0.823840;0.814272;0.808706;0.773235;0.764761;0.764761;0.726206
21,240,c21_f000240,outer,16,2013,280,377,63,200,313.4033780427223,491.06060606060606,7635,1385.8193359375,0.0,4481;4401;2159;4371;36;0;1355;1663,1.000000;1.000000;1.000000;1.000000;1.000000;1.000000;1.000000;1.000000
21,240,c21_f000240,outer,23,1025,306,518,71,83,352.45170731707316,567.1570731707317,543,157.71255493164062,0.0,33386;32165;20947;28494;12524;8151;13161;16105,1.000000;1.000000;1.000000;1.000000;1.000000;1.000000;1.000000;1.000000
21,240,c21_f000240,outer,10,561,230,302,62,74,274.83422459893046,333.09090909090907,1619,200.05816650390625,0.0,24635;7744;42955;19899;16249;11705;29941;7097,1.000000;0.999987;0.997788;0.976142;0.946944;0.913140;0.897130;0.892921
21,240,c21_f000240,outer,2,346,327,155,15,42,333.9884393063584,174.66184971098266,589,139.54269409179688,0.0,13821;34192;24596;34489;26493;11305;27652;24589,1.000000;1.000000;1.000000;1.000000;1.000000;0.976142;0.976142;0.951148
21,300,c21_f000300,inner,7,561,350,332,22,101,363.0819964349376,377.5204991087344,1279,177.0980224609375,0.0,39301;31495;24258;24814;3423;1616;12742;15913,1.000000;1.000000;1.000000;1.000000;1.000000;1.000000;1.000000;1.000000
21,300,c21_f000300,inner,9,335,368,451,14,75,375.4089552238806,485.7492537313433,943,137.30628967285156,0.0,44950;44360;33496;35291;20771;13756;26434;32007,1.000000;1.000000;1.000000;1.000000;1.000000;1.000000;1.000000;1.000000
21,300,c21_f000300,inner,3,194,325,188,15,39,330.12886597938143,208.56701030927834,757,134.07566833496094,0.0,9837;43560;40023;44636;19144;31997;1483;20573,1.000000;1.000000;1.000000;1.000000;1.000000;0.999999;0.954304;0.946944
21,300,c21_f000300,inner,5,320,376,271,28,54,391.93125,298.134375,135,19.821868896484375,0.0,41276;34861;37506;2292;30920;11497;22393;19366,0.671633;0.658596;0.655851;0.536805;0.517908;0.499483;0.493124;0.476021
21,300,c21_f000300,outer,11,2524,306,431,56,131,336.85063391442156,494.4338351822504,5995,1035.1712646484375,0.0,3958;3305;2816;3243;1375;804;1449;2146,1.000000;1.000000;1.000000;1.000000;1.000000;1.000000;1.000000;1.000000
21,300,c21_f000300,outer,8,1800,215,301,92,211,275.1333333333333,390.99888888888887,4228,777.0496826171875,0.0,10779;10773;8424;9327;640;98;3539;7097,1.000000;1.000000;1.000000;1.000000;1.000000;1.000000;1.000000;1.000000
21,300,c21_f000300,outer,13,372,286,514,31,57,301.64247311827955,548.7688172043011,1953,479.2607421875,0.0,8758;8006;7619;7793;2159;482;3281;5523,1.000000;1.000000;1.000000;1.000000;1.000000;1.000000;1.000000;1.000000
21,300,c21_f000300,outer,1,1745,234,138,101,149,280.9799426934097,209.51002865329514,357,18.951305389404297,0.0,19364;45748;26062;36573;41932;16671;7684;44968,0.573087;0.549924;0.500070;0.471651;0.434176;0.432554;0.430433;0.417255
21,360,c21_f000360,inner,20,244,263,415,8,53,266.594262295082,442.36475409836066,929,98.24378204345703,0.0,34394;8612;28321;12350;8541;0;29297;26886,0.946944;0.915797;0.882117;0.870872;0.847856;0.790856;0.787778;0.787778
21,360,c21_f000360,inner,21,145,364,467,6,44,366.42758620689654,488.951724137931,929,95.35710144042969,0.0,32943;34843;2530;17634;26978;18741;4133;37753,1.000000;0.999921;0.988846;0.968705;0.946944;0.946944;0.923928;0.896706
21,360,c21_f000360,inner,3,88,325,206,10,20,328.17045454545456,216.79545454545453,698,68.95671081542969,0.0,6889;45532;12882;14042;22876;13458;25573;40023,0.882117;0.840833;0.838607;0.828081;0.764761;0.728386;0.728386;0.722874
21,360,c21_f000360,inner,19,221,367,407,12,49,372.7737556561086,430.57466063348414,302,29.059160232543945,0.0,19202;25711;21026;45288;27022;32607;31281;40817,0.794800;0.711706;0.711706;0.665672;0.665672;0.665672;0.658650;0.624653
21,360,c21_f000360,outer,19,1587,308,427,50,156,329.83301827347196,488.7309388783869,4344,806.517578125,0.0,3243;2816;2146;2584;735;691;829;1449,1.000000;1.000000;1.000000;1.000000;1.000000;1.000000;1.000000;1.000000
21,360,c21_f000360,outer,23,619,278,528,49,62,302.49919224555737,564.2213247172859,1606,412.7529296875,0.0,8797;8292;7385;7579;1179;815;4371;5975,1.000000;1.000000;1.000000;1.000000;1.000000;1.000000;1.000000;1.000000
21,360,c21_f000360,outer,21,503,269,466,32,75,285.47713717693836,498.67992047713716,1621,457.5614013671875,0.0,5382;4279;3786;4219;1892;1086;2088;3567,1.000000;1.000000;1.000000;1.000000;1.000000;1.000000;1.000000;1.000000
21,360,c21_f000360,outer,9,816,263,285,17,132,271.1862745098039,342.0882352941176,1340,183.50918579101562,0.0,999;37541;28350;43794;27175;21630;6724;9616,1.000000;1.000000;1.000000;1.000000;1.000000;0.999898;0.998106;0.951148
21,420,c21_f000420,inner,3,217,338,196,19,38,347.55760368663596,216.89400921658986,1494,326.91229248046875,0.0,22621;21842;12382;16961;4568;3561;5112;5574,1.000000;1.000000;1.000000;1.000000;1.000000;1.000000;1.000000;1.000000
21,420,c21_f000420,inner,5,328,359,252,52,43,376.8018292682927,280.2591463414634,785,181.8212127685547,0.0,41243;32764;27594;32467;11520;8158;18270;25796,1.000000;1.000000;1.000000;1.000000;1.000000;1.000000;1.000000;1.000000
21,420,c21_f000420,inner,7,210,367,315,6,47,369.75714285714287,337.4761904761905,1254,238.5706787109375,0.0,31853;27757;24491;8055;3898;15544;17901;5946,1.000000;1.000000;1.000000;1.000000;1.000000;0.993728;0.989323;0.954339
21,420,c21_f000420,inner,13,175,323,544,16,18,330.4457142857143,550.56,1081,156.45883178710938,0.0,31465;28549;20907;28175;8237;107;11169;13439,1.000000;1.000000;1.000000;1.000000;1.000000;1.000000;1.000000;1.000000
21,420,c21_f000420,outer,12,866,296,488,22,129,305.5242494226328,547.1847575057736,2659,646.2127685546875,0.0,7705;7385;5975;6514;2596;98;2670;4010,1.000000;1.000000;1.000000;1.000000;1.000000;1.000000;1.000000;1.000000
21,420,c21_f000420,outer,1,2252,248,142,81,210,282.9849023090586,236.31127886323267,1422,207.15963745117188,0.0,23926;41932;38230;12822;21246;12802;15867;35107,1.000000;1.000000;1.000000;0.976142;0.963868;0.946944;0.946944;0.946944
21,420,c21_f000420,outer,9,949,291,338,17,143,299.6459430979979,398.5985247629083,2314,397.0043640136719,0.0,23650;18449;13008;16023;2396;1859;6651;12350,1.000000;1.000000;1.000000;1.000000;1.000000;1.000000;1.000000;1.000000
21,420,c21_f000420,outer,11,968,359,452,42,122,373.20454545454544,520.8574380165289,2095,114.04698181152344,0.0,46778;35269;46700;174;18819;35291;45541;25173,0.899525;0.895694;0.846791;0.809433;0.776466;0.771783;0.741744;0.734722
21,480,c21_f000480,inner,4,423,339,214,36,75,353.4609929078014,250.13947990543736,3308,623.258544921875,0.0,17139;13513;4210;4679;568;248;950;1332,1.000000;1.000000;1.000000;1.000000;1.000000;1.000000;1.000000;1.000000
21,480,c21_f000480,inner,8,316,371,334,14,53,376.74050632911394,356.7373417721519,1533,307.59527587890625,0.0,14587;12056;9616;10266;3196;1071;3835;8412,1.000000;1.000000;1.000000;1.000000;1.000000;1.000000;1.000000;1.000000
21,480,c21_f000480,inner,2,222,337,149,14,39,345.77927927927925,167.06756756756758,1462,374.76605224609375,0.0,18997;18556;9700;9837;6184;5088;6534;7258,1.000000;1.000000;1.000000;1.000000;1.000000;1.000000;1.000000;1.000000
21,480,c21_f000480,inner,3,93,350,190,5,22,351.98924731182797,200.23655913978496,1296,263.02130126953125,0.0,31054;30066;24476;26493;13821;9135;14323;22903,1.000000;1.000000;1.000000;1.000000;1.000000;1.000000;1.000000;1.000000
21,480,c21_f000480,outer,1,3772,269,142,68,358,299.08907741251323,301.8756627783669,4263,875.0530395507812,0.0,9992;8550;2975;3341;1449;348;1859;1892,1.000000;1.000000;1.000000;1.000000;1.000000;1.000000;1.000000;1.000000
21,480,c21_f000480,outer,18,227,316,597,27,23,324.94713656387665,611.3215859030837,843,295.84368896484375,0.0,15173;13065;10957;12115;2171;1758;9035;9229,1.000000;1.000000;1.000000;1.000000;1.000000;1.000000;1.000000;1.000000
21,480,c21_f000480,outer,11,725,348,485,36,99,364.0358620689655,534.2344827586207,900,56.96672821044922,0.0,25334;23994;10668;38660;4783;9203;14674;12624,0.601679;0.560414;0.551791;0.542751;0.539621;0.531641;0.522500;0.522500
21,480,c21_f000480,outer,6,899,373,235,98,69,430.1868743047831,264.31813125695214,350,51.636802673339844,0.0,24635;32179;32907;2411;7097;9426;21578;19326,1.000000;1.000000;0.976142;0.976142;0.924872;0.923928;0.897130;0.870872
21,540,c21_f000540,inner,1,287,352,145,23,45,365.9024390243902,165.61324041811847,1377,370.9273681640625,0.0,9700;9414;8566;8662;5088;4217;7258;7770,1.000000;1.000000;1.000000;1.000000;1.000000;1.000000;1.000000;1.000000
21,540,c21_f000540,inner,11,249,380,353,14,61,385.90763052208837,381.80321285140565,818,122.90211486816406,0.0,9616;31909;29959;6724;41031;32503;17774;9807,1.000000;1.000000;1.000000;0.998106;0.991389;0.988198;0.944641;0.944299
21,540,c21_f000540,inner,3,161,353,215,15,31,358.42857142857144,229.8136645962733,924,180.24337768554688,0.0,3977;1617;42774;28606;28093;28446;39266;19805,1.000000;1.000000;1.000000;1.000000;1.000000;1.000000;1.000000;0.999960
21,540,c21_f000540,inner,2,68,367,191,5,21,368.5147058823529,200.5735294117647,684,167.28955078125,0.0,40534;39895;31840;37739;4602;1733;12802;24476,1.000000;1.000000;1.000000;1.000000;1.000000;1.000000;1.000000;1.000000
21,540,c21_f000540,outer,1,3209,263,141,89,306,300.8815830476784,276.10501713929574,2502,463.9273681640625,0.0,22129;14940;13396;14626;3341;2358;12224;12478,1.000000;1.000000;1.000000;1.000000;1.000000;1.000000;1.000000;1.000000
21,540,c21_f000540,outer,29,597,341,593,58,30,363.38023450586263,610.8140703517588,846,295.9028015136719,0.0,12115;11830;10957;11273;1199;711;9229;10938,1.000000;1.000000;1.000000;1.000000;1.000000;1.000000;1.000000;1.000000
21,540,c21_f000540,outer,21,382,315,449,16,76,321.85340314136124,479.9895287958115,1847,385.6267395019531,0.0,22685;21297;19054;20928;9098;3958;15112;16562,1.000000;1.000000;1.000000;1.000000;1.000000;1.000000;1.000000;1.000000
21,540,c21_f000540,outer,23,413,313,532,26,57,322.83535108958836,570.3995157384987,1125,217.05934143066406,0.0,15287;14341;13161;14086;1476;1179;5975;7904,1.000000;1.000000;1.000000;1.000000;1.000000;1.000000;1.000000;1.000000
22,0,c22_f000000,inner,14,195,442,351,9,37,445.83589743589744,365.55384615384617,681,77.23527526855469,0.0,14668;29959;31217;11705;2893;30337;17854;12056,0.840833;0.840833;0.787778;0.778579;0.734722;0.733345;0.681667;0.681667
22,0,c22_f000000,inner,16,50,437,423,5,16,439.3,430.6,1402,109.11717224121094,0.0,37930;42775;14632;39897;4161;37199;4507;21798,0.942815;0.923928;0.923928;0.847817;0.823837;0.786940;0.741744;0.681375
22,0,c22_f000000,inner,19,33,389,563,8,11,392.8181818181818,568.0,343,36.742164611816406,0.0,22852;29918;9230;33738;1476;2291;28395;28459,1.000000;0.946944;0.893889;0.826341;0.817817;0.813503;0.787778;0.734722
22,0,c22_f000000,inner,11,173,442,296,9,35,445.271676300578,315.5838150289017,141,7.795411586761475,0.0,42493;22688;38024;37304;31175;35658;9300;41665,0.464058;0.392283;0.320897;0.298182;0.296709;0.293906;0.226874;0.226410
22,0,c22_f000000,outer,4,1563,360,144,35,207,374.147792706334,251.71849008317338,4727,794.126220703125,0.0,19651;16961;12382;14323;8662;712;9414;9700,1.000000;1.000000;1.000000;1.000000;1.000000;1.000000;1.000000;1.000000
22,0,c22_f000000,outer,24,1149,389,469,44,92,406.2680591818973,518.1523063533507,4123,1087.72412109375,0.0,4371;4279;1375;2855;517;98;691;958,1.000000;1.000000;1.000000;1.000000;1.000000;1.000000;1.000000;1.000000
22,0,c22_f000000,outer,16,1144,368,350,19,168,376.43356643356645,424.16083916083915,3413,601.5087280273438,0.0,34539;28753;18333;19465;14940;5257;17619;18185,1.000000;1.000000;1.000000;1.000000;1.000000;1.000000;1.000000;1.000000
22,0,c22_f000000,outer,26,940,356,568,73,40,392.12978723404257,591.0127659574468,1108,322.0023193359375,0.0,8025;3912;3629;3787;1199;722;2078;3125,1.000000;1.000000;1.000000;1.000000;1.000000;1.000000;1.000000;1.000000
22,60,c22_f000060,inner,15,943,435,350,74,103,460.4729586426299,380.47720042417814,1534,191.15679931640625,0.0,14147;46122;37514;14860;30353;1599;13899;25142,1.000000;1.000000;1.000000;0.954339;0.915797;0.915797;0.913506;0.910675
22,60,c22_f000060,inner,17,117,422,497,16,24,429.52991452991455,508.7350427350427,1492,260.82086181640625,0.0,42690;21629;20114;16106;22251;7947;15895;1789,1.000000;1.000000;0.997910;0.993958;0.993614;0.988002;0.964644;0.954339
22,60,c22_f000060,inner,16,173,441,456,15,37,450.04624277456645,474.6127167630058,737,88.64410400390625,0.0,16818;32194;22129;35120;27945;29834;25732;38243,1.000000;1.000000;1.000000;1.000000;1.000000;0.998185;0.983615;0.954339
22,60,c22_f000060,inner,10,282,435,261,36,18,453.32978723404256,266.9503546099291,325,27.683631896972656,0.0,33937;20626;24800;84;1206;32151;1493;45812,0.771783;0.715529;0.695711;0.609197;0.592098;0.511017;0.493120;0.489125
22,60,c22_f000060,outer,13,979,364,346,22,173,374.0888661899898,422.2870275791624,3239,605.822998046875,0.0,33032;31668;19214;25630;10258;348;12224;18333,1.000000;1.000000;1.000000;1.000000;1.000000;1.000000;1.000000;1.000000
22,60,c22_f000060,outer,16,973,361,535,72,70,390.52723535457346,581.1387461459404,1653,326.80029296875,0.0,13316;13161;7904;12524;1199;1179;3787;4079,1.000000;1.000000;1.000000;1.000000;1.000000;1.000000;1.000000;1.000000
22,60,c22_f000060,outer,10,546,433,277,36,53,446.2765567765568,293.8131868131868,1339,222.36009216308594,0.0,23408;22336;16983;19326;7895;3355;9426;10378,1.000000;1.000000;1.000000;1.000000;1.000000;1.000000;1.000000;1.000000
22,60,c22_f000060,outer,9,425,367,221,14,84,371.1223529411765,258.6729411764706,1251,182.56790161132812,0.0,15664;23943;16961;40414;3399;39077;30898;31254,1.000000;0.976142;0.946944;0.924872;0.924872;0.897130;0.869012;0.867696
22,120,c22_f000120,inner,21,224,398,423,25,19,408.8705357142857,430.1294642857143,2151,440.4134521484375,0.0,7095;5522;1728;4580;79;52;133;866,1.000000;1.000000;1.000000;1.000000;1.000000;1.000000;1.000000;1.000000
22,120,c22_f000120,inner,5,262,353,194,33,28,371.706106870229,211.706106870229,1212,310.51544189453125,0.0,26942;24596;19824;23943;5112;4568;15664;19287,1.000000;1.000000;1.000000;1.000000;1.000000;1.000000;1.000000;1.000000
22,120,c22_f000120,inner,16,321,438,340,25,67,450.0218068535826,374.38317757009344,926,179.48252868652344,0.0,10958;45147;40351;42449;17402;6384;32767;16893,1.000000;1.000000;1.000000;1.000000;1.000000;1.000000;1.000000;0.999999
22,120,c22_f000120,inner,12,67,356,307,9,12,360.6865671641791,312.1194029850746,540,142.4195556640625,0.0,38493;11828;2129;41147;21956;24553;38341;40005,1.000000;0.974140;0.946944;0.946944;0.946612;0.925445;0.923928;0.912710
22,120,c22_f000120,outer,14,1533,352,333,36,243,361.88649706457926,473.27071102413566,4303,524.5833129882812,0.0,43277;43198;37957;42672;17401;5027;20168;36818,1.000000;1.000000;1.000000;1.000000;1.000000;1.000000;1.000000;1.000000
22,120,c22_f000120,outer,21,945,376,431,23,113,384.8793650793651,488.226455026455,2979,638.1344604492188,0.0,15112;14838;12444;14355;1449;383;4847;9992,1.000000;1.000000;1.000000;1.000000;1.000000;1.000000;1.000000;1.000000
22,120,c22_f000120,outer,22,507,421,440,17,86,429.94871794871796,476.5936883629191,2287,463.0511169433594,0.0,23159;22409;15312;17704;8541;4279;9327;13380,1.000000;1.000000;1.000000;1.000000;1.000000;1.000000;1.000000;1.000000
22,120,c22_f000120,outer,8,554,445,241,47,84,458.6552346570397,286.7346570397112,966,188.24435424804688,0.0,27323;27296;27703;27417;11508;10378;1258;45812,1.000000;1.000000;0.998520;0.951137;0.946944;0.946944;0.942734;0.936124
22,180,c22_f000180,inner,16,171,400,440,6,52,401.9824561403509,464.7602339181287,1627,234.79425048828125,0.0,10645;2146;11154;14940;16555;23485;14991;7208,1.000000;1.000000;1.000000;1.000000;0.999989;0.999952;0.988348;0.954339
22,180,c22_f000180,inner,5,134,345,222,34,24,360.1268656716418,231.2910447761194,833,149.33358764648438,0.0,40677;36506;37020;26307;19788;4605;28155;41695,0.946944;0.946944;0.923928;0.896473;0.896473;0.882117;0.850936;0.838607
22,180,c22_f000180,inner,4,57,384,214,11,9,389.49122807017545,218.1578947368421,1064,242.8927459716797,0.0,20916;24624;10056;19930;9511;45675;7224;650,1.000000;1.000000;1.000000;1.000000;0.990189;0.990186;0.981841;0.954339
22,180,c22_f000180,inner,10,183,458,283,35,39,472.5191256830601,301.1748633879781,208,10.915521621704102,0.0,21246;22873;44544;32763;6893;14989;42229;6658,0.386501;0.357488;0.340676;0.339598;0.322647;0.316133;0.302664;0.277741
22,180,c22_f000180,outer,18,1467,351,440,58,141,377.81595092024537,525.4042263122018,4067,578.0020751953125,0.0,9230;8237;7345;7856;1375;668;1476;1526,1.000000;1.000000;1.000000;1.000000;1.000000;1.000000;1.000000;1.000000
22,180,c22_f000180,outer,15,1148,437,349,19,162,448.1132404181185,425.4616724738676,2869,507.7290954589844,0.0,34997;19365;17839;18504;6256;2401;7956;10643,1.000000;1.000000;1.000000;1.000000;1.000000;1.000000;1.000000;1.000000
22,180,c22_f000180,outer,9,1738,269,232,109,169,333.47238204833144,301.6110471806674,1258,257.0478210449219,0.0,16618;31853;27594;28008;25621;5775;25796;21856,1.000000;1.000000;1.000000;1.000000;1.000000;1.000000;1.000000;0.999981
22,180,c22_f000180,outer,24,552,434,519,33,38,448.0597826086956,543.0199275362319,911,215.9341583251953,0.0,40958;37726;20559;30678;5886;5523;14578;19841,1.000000;1.000000;1.000000;1.000000;1.000000;1.000000;1.000000;1.000000
22,240,c22_f000240,inner,5,76,392,213,8,20,396.4078947368421,222.3421052631579,1529,225.97586059570312,0.0,23320;36506;33278;43430;37020;19930;28155;40677,1.000000;1.000000;1.000000;0.990189;0.946944;0.946944;0.903062;0.893889
22,240,c22_f000240,inner,15,54,425,402,6,16,427.3888888888889,409.4074074074074,821,188.53115844726562,0.0,7103;2557;27121;38483;16986;23747;43424;30637,1.000000;1.000000;1.000000;1.000000;1.000000;1.000000;0.999872;0.987236
22,240,c22_f000240,inner,19,50,419,443,5,15,420.58,449.58,765,147.52764892578125,0.0,278;35731;39146;31353;22409;21118;1358;3243,1.000000;0.996352;0.946944;0.946944;0.893889;0.893889;0.893889;0.893889
22,240,c22_f000240,inner,16,82,368,413,6,22,369.7682926829268,424.0243902439024,542,43.90838623046875,0.0,15943;44650;12164;42915;21365;22487;26518;33181,0.681667;0.672667;0.577521;0.575556;0.575556;0.549275;0.522511;0.521626
22,240,c22_f000240,outer,19,1035,377,452,27,106,392.75458937198067,501.3710144927536,4853,905.4500732421875,0.0,13252;8441;6245;7345;1375;383;4133;5382,1.000000;1.000000;1.000000;1.000000;1.000000;1.000000;1.000000;1.000000
22,240,c22_f000240,outer,9,1055,283,243,99,121,338.3658767772512,299.90900473933647,1346,223.25418090820312,0.0,22527;17616;32807;1258;26250;1254;7609;19613,1.000000;1.000000;0.946944;0.916690;0.905985;0.897130;0.893861;0.893755
22,240,c22_f000240,outer,21,389,422,518,25,25,434.7917737789203,531.8431876606684,1836,469.5808410644531,0.0,16056;16049;12748;15865;2159;517;5523;6333,1.000000;1.000000;1.000000;1.000000;1.000000;1.000000;1.000000;1.000000
22,240,c22_f000240,outer,22,728,360,546,72,37,400.3557692307692,569.6236263736264,1615,244.14840698242188,0.0,1476;31465;24295;32183;19085;14873;23172;9230,1.000000;1.000000;1.000000;1.000000;1.000000;0.999971;0.976142;0.946944
22,300,c22_f000300,inner,10,298,438,448,10,73,442.80536912751677,483.3154362416107,1694,303.0108947753906,0.0,26978;26880;23198;24510;13846;10258;15252;17787,1.000000;1.000000;1.000000;1.000000;1.000000;1.000000;1.000000;1.000000
22,300,c22_f000300,inner,9,412,438,339,13,90,445.4101941747573,379.81067961165047,974,137.0305633544922,0.0,14555;7166;2557;5027;8167;17401;12742;3423,0.946944;0.946944;0.936153;0.893889;0.893889;0.847856;0.840833;0.840833
22,300,c22_f000300,inner,4,94,429,202,13,22,433.1063829787234,213.6595744680851,1220,272.20172119140625,0.0,18770;3399;23719;45351;39077;23727;27963;34265,1.000000;1.000000;1.000000;1.000000;1.000000;0.990189;0.990189;0.990189
22,300,c22_f000300,inner,11,35,383,500,4,11,384.8,504.8,1120,225.83596801757812,0.0,26629;41999;41185;22549;13734;18125;32762;46655,1.000000;1.000000;1.000000;1.000000;0.999999;0.990189;0.990189;0.954339
22,300,c22_f000300,outer,13,2276,357,428,67,121,402.1366432337434,493.0079086115993,7694,1669.268310546875,0.0,1389;1358;930;1077;58;36;735;866,1.000000;1.000000;1.000000;1.000000;1.000000;1.000000;1.000000;1.000000
22,300,c22_f000300,outer,9,1903,297,254,88,244,352.9253809774041,353.56016815554386,3993,764.4727783203125,0.0,7231;6586;5300;6191;175;29;2692;3086,1.000000;1.000000;1.000000;1.000000;1.000000;1.000000;1.000000;1.000000
22,300,c22_f000300,outer,16,552,394,530,52,62,427.3949275362319,570.7028985507246,1191,276.4145812988281,0.0,14765;13141;5975;7579;2636;722;3062;3125,1.000000;1.000000;1.000000;1.000000;1.000000;1.000000;1.000000;1.000000
22,300,c22_f000300,outer,7,421,368,209,30,56,381.2969121140143,237.36342042755345,706,137.04869079589844,0.0,7684;40315;21672;27516;25109;10664;20365;34584,1.000000;1.000000;1.000000;0.976142;0.951148;0.943282;0.923928;0.913004
22,360,c22_f000360,inner,13,70,356,308,8,12,359.62857142857143,313.8,834,193.0155487060547,0.0,37221;40423;11050;21451;12694;18212;21754;19597,0.999998;0.999987;0.997105;0.990150;0.958728;0.946944;0.931303;0.923928
22,360,c22_f000360,inner,18,212,443,401,5,51,445.07547169811323,425.85377358490564,506,50.61711883544922,0.0,46067;30487;1776;41340;3341;33335;28827;31360,0.840833;0.734722;0.728386;0.714500;0.695711;0.665008;0.657084;0.628563
22,360,c22_f000360,inner,5,77,427,208,14,15,432.4025974025974,215.80519480519482,431,73.09807586669922,0.0,10733;25801;28266;46193;27357;25163;35048;20792,0.999996;0.969659;0.946944;0.936153;0.840833;0.838607;0.838607;0.828081
22,360,c22_f000360,inner,12,117,334,276,25,20,345.86324786324786,285.22222222222223,211,18.119426727294922,0.0,27703;7240;43640;2830;3418;24211;9449;37190,0.710653;0.580000;0.468209;0.461205;0.456717;0.449001;0.432385;0.428954
22,360,c22_f000360,outer,18,1052,381,420,29,142,400.2813688212928,475.1425855513308,4787,1010.5365600585938,0.0,3968;3958;2146;3243;133;36;866;1524,1.000000;1.000000;1.000000;1.000000;1.000000;1.000000;1.000000;1.000000
22,360,c22_f000360,outer,19,1204,340,440,58,124,365.62541528239205,512.6926910299003,2494,568.671630859375,0.0,6333;5755;5523;5694;847;78;2058;2159,1.000000;1.000000;1.000000;1.000000;1.000000;1.000000;1.000000;1.000000
22,360,c22_f000360,outer,12,322,358,275,11,57,363.0248447204969,302.3198757763975,1193,334.2537841796875,0.0,23615;23610;22627;23333;18212;8982;19502;20226,1.000000;1.000000;1.000000;1.000000;1.000000;1.000000;1.000000;1.000000
22,360,c22_f000360,outer,8,609,278,222,90,52,330.2298850574713,254.1247947454844,524,91.589111328125,0.0,10664;21672;20502;32465;13954;7684;20365;10580,0.943282;0.923928;0.897130;0.893889;0.832224;0.817817;0.817817;0.802508
22,420,c22_f000420,inner,11,218,349,316,32,12,366.04128440366975,321.43119266055044,696,85.46931457519531,0.0,29512;24052;46298;43794;40351;37541;21630;35546,1.000000;1.000000;1.000000;1.000000;1.000000;1.000000;0.999898;0.991121
22,420,c22_f000420,inner,12,168,449,327,8,44,451.79761904761904,349.1190476190476,533,54.373748779296875,0.0,17616;1254;22527;18410;22986;23523;26722;19081,1.000000;1.000000;0.946944;0.891435;0.830996;0.681667;0.681448;0.658650
22,420,c22_f000420,inner,16,146,456,412,6,42,458.28767123287673,433.94520547945206,730,45.19191360473633,0.0,19719;11397;43594;13349;6846;32703;46776;7551,0.522496;0.499543;0.498518;0.469444;0.446428;0.442326;0.433313;0.424199
22,420,c22_f000420,inner,7,81,438,224,19,16,447.75308641975306,231.11111111111111,290,16.014482498168945,0.0,3888;13216;25163;46193;22615;4605;35632;26307,0.437456;0.402940;0.398653;0.391422;0.391422;0.384400;0.383335;0.340787
22,420,c22_f000420,outer,16,1025,386,458,41,112,403.9717073170732,516.5356097560975,2797,616.1478271484375,0.0,5382;5323;3786;5070;2088;36;2975;3567,1.000000;1.000000;1.000000;1.000000;1.000000;1.000000;1.000000;1.000000
22,420,c22_f000420,outer,14,687,422,452,38,123,439.0640465793304,518.7016011644832,3109,654.4866943359375,0.0,13991;13756;3968;8441;735;691;1090;3924,1.000000;1.000000;1.000000;1.000000;1.000000;1.000000;1.000000;1.000000
22,420,c22_f000420,outer,17,999,351,471,37,136,364.20520520520523,545.6386386386387,1220,202.96011352539062,0.0,32294;27261;20334;36137;40863;46360;28058;16191,1.000000;1.000000;1.000000;1.000000;0.999994;0.999819;0.997993;0.985655
22,420,c22_f000420,outer,1,755,368,139,41,99,394.52317880794703,186.68079470198674,1237,190.72543334960938,0.0,21682;1489;22680;33934;32352;20491;28068;34265,1.000000;1.000000;1.000000;1.000000;1.000000;0.946944;0.946944;0.946944
22,480,c22_f000480,inner,9,193,447,340,10,40,451.46632124352334,358.3834196891192,836,123.40477752685547,0.0,29959;14668;21055;31217;14587;2893;11705;30337,1.000000;1.000000;0.946944;0.946944;0.946944;0.946944;0.935888;0.934398
22,480,c22_f000480,inner,15,48,441,460,6,12,443.5625,465.5625,1207,187.38339233398438,0.0,22391;29297;19143;42660;19552;44277;46036;34707,1.000000;1.000000;0.990189;0.984996;0.946944;0.896843;0.879865;0.873982
22,480,c22_f000480,inner,6,269,429,229,25,57,440.724907063197,258.58736059479554,280,6.640606880187988,0.0,41951;30066;40278;44363;9135;43791;32794;28705,0.262293;0.156183;0.076743;0.057094;0.057094;0.054032;0.053436;0.051836
22,480,c22_f000480,inner,2,95,436,143,15,17,443.5578947368421,150.8,76,1.9857618808746338,0.0,32651;42405;36714;23778;13221;34760;26887;19507,0.048475;0.044987;0.044981;0.044966;0.044963;0.044951;0.044916;0.044886
22,480,c22_f000480,outer,10,2793,359,306,71,311,385.639813820265,459.1292517006803,6636,1343.6123046875,0.0,7705;6510;5694;6179;3958;1616;4133;4352,1.000000;1.000000;1.000000;1.000000;1.000000;1.000000;1.000000;1.000000
22,480,c22_f000480,outer,14,1320,398,470,45,98,419.05833333333334,523.6484848484848,5021,1153.108642578125,0.0,2816;1526;735;847;383;78;517;640,1.000000;1.000000;1.000000;1.000000;1.000000;1.000000;1.000000;1.000000
22,480,c22_f000480,outer,1,1156,365,137,44,155,381.58737024221455,201.35813148788927,3087,677.002197265625,0.0,19693;19651;14323;16897;1733;1489;5112;13702,1.000000;1.000000;1.000000;1.000000;1.000000;1.000000;1.000000;1.000000
22,480,c22_f000480,outer,17,89,397,580,12,13,402.6741573033708,586.4494382022472,236,74.22647857666016,0.0,7904;33386;32165;7999;25534;17662;195;25355,1.000000;1.000000;1.000000;0.997692;0.974859;0.951148;0.951005;0.946944
22,540,c22_f000540,inner,22,89,448,456,9,25,453.7977528089888,468.65168539325845,1284,220.34271240234375,0.0,18845;34815;25651;32912;20268;5012;23465;13734,1.000000;1.000000;1.000000;1.000000;1.000000;1.000000;1.000000;0.999999
22,540,c22_f000540,inner,24,49,416,569,9,10,420.3673469387755,573.1836734693877,244,54.8123779296875,0.0,1476;28395;25588;40615;10651;22852;28283;31891,1.000000;1.000000;1.000000;0.996885;0.915797;0.893889;0.870872;0.847856
22,540,c22_f000540,inner,23,105,377,566,18,10,387.44761904761907,569.6571428571428,448,19.758499145507812,0.0,42538;27343;24057;815;20225;8041;34924;38015,0.467494;0.453450;0.416389;0.363333;0.361383;0.361383;0.340787;0.324322
22,540,c22_f000540,inner,12,62,462,288,5,18,463.9032258064516,296.3709677419355,94,2.9178996086120605,0.0,24635;2411;27946;9426;40278;11711;21578;7097,0.340317;0.257222;0.149577;0.142139;0.094004;0.048058;0.045000;0.045000
22,540,c22_f000540,outer,10,1920,352,267,51,257,381.6958333333333,384.29010416666665,3657,601.2042236328125,0.0,13846;12224;10258;10645;1616;348;3423;4133,1.000000;1.000000;1.000000;1.000000;1.000000;1.000000;1.000000;1.000000
22,540,c22_f000540,outer,22,564,422,479,27,83,431.38829787234044,520.5443262411347,2956,705.7783203125,0.0,6949;6308;4160;5003;735;383;2088;3281,1.000000;1.000000;1.000000;1.000000;1.000000;1.000000;1.000000;1.000000
22,540,c22_f000540,outer,2,685,392,140,28,78,404.1299270072993,174.1795620437956,1587,429.58416748046875,0.0,31561;26493;13821;22516;1791;1733;12712;12802,1.000000;1.000000;1.000000;1.000000;1.000000;1.000000;1.000000;1.000000
22,540,c22_f000540,outer,27,591,383,579,59,32,404.5093062605753,599.7664974619289,841,231.41036987304688,0.0,18541;14415;10411;11873;3611;2596;8267;9035,1.000000;1.000000;1.000000;1.000000;1.000000;1.000000;1.000000;1.000000
23,0,c23_f000000,inner,12,266,389,384,11,43,394.5676691729323,408.42105263157896,1104,162.51507568359375,0.0,44650;10243;15943;35809;46577;21365;42915;30200,1.000000;1.000000;0.946944;0.893889;0.853327;0.840833;0.840833;0.821154
23,0,c23_f000000,inner,13,128,332,458,11,36,336.9453125,475.6171875,1487,204.4707489013672,0.0,26886;24206;14856;16075;7113;0;10645;12350,1.000000;1.000000;1.000000;1.000000;1.000000;1.000000;1.000000;1.000000
23,0,c23_f000000,inner,6,222,381,232,56,18,409.0315315315315,241.15315315315314,455,84.55134582519531,0.0,30066;9135;9343;10478;2450;41951;39964;34543,0.893889;0.840833;0.835233;0.817817;0.780740;0.776288;0.751641;0.734722
23,0,c23_f000000,inner,4,47,358,199,12,9,363.1063829787234,202.5744680851064,687,159.78683471679688,0.0,16454;20759;37207;32551;6557;3585;11566;24552,1.000000;1.000000;0.999937;0.990189;0.990149;0.954339;0.954339;0.954339
23,0,c23_f000000,outer,15,942,366,425,25,102,375.70063694267515,482.12420382165607,4084,639.2476806640625,0.0,15873;15112;13252;13349;4160;668;8264;9992,1.000000;1.000000;1.000000;1.000000;1.000000;1.000000;1.000000;1.000000
23,0,c23_f000000,outer,12,750,319,338,24,117,329.65866666666665,389.7973333333333,2197,461.102783203125,0.0,44356;28126;25257;27032;19214;7956;23664;24975,1.000000;1.000000;1.000000;1.000000;1.000000;1.000000;1.000000;1.000000
23,0,c23_f000000,outer,18,442,327,539,46,48,343.82579185520365,570.5067873303168,1916,362.4915771484375,0.0,18914;18158;13439;16056;4847;4219;8237;12903,1.000000;1.000000;1.000000;1.000000;1.000000;1.000000;1.000000;1.000000
23,0,c23_f000000,outer,17,363,356,521,51,28,383.40495867768595,535.3856749311295,1390,240.03533935546875,0.0,2816;19054;9098;29893;16562;24787;366;6956,1.000000;1.000000;1.000000;1.000000;1.000000;0.999995;0.999988;0.951148
23,60,c23_f000060,inner,16,108,388,341,9,26,391.8796296296296,354.44444444444446,965,166.1163787841797,0.0,46510;29941;42955;10414;22694;32399;9426;2411,1.000000;1.000000;0.997788;0.991915;0.973639;0.951364;0.946944;0.946944
23,60,c23_f000060,inner,17,114,394,378,10,31,398.53508771929825,394.0964912280702,651,65.4332275390625,0.0,37514;10598;30353;33274;11705;14587;5946;233,0.781197;0.694179;0.665916;0.649683;0.621271;0.611937;0.607142;0.593777
23,60,c23_f000060,inner,11,49,379,248,15,4,385.7959183673469,249.6530612244898,711,143.55274963378906,0.0,30066;9135;9343;2450;10478;13711;27333;42537,1.000000;1.000000;0.990189;0.954339;0.946944;0.915797;0.915797;0.915797
23,60,c23_f000060,inner,12,42,388,309,8,7,391.6904761904762,312.23809523809524,861,158.5590362548828,0.0,15199;46034;21166;40423;21451;11050;19597;10700,1.000000;1.000000;1.000000;0.999987;0.999961;0.997105;0.990189;0.973808
23,60,c23_f000060,outer,21,522,338,429,17,120,347.43295019157085,488.96360153256705,4555,1207.8388671875,0.0,4077;3994;1728;3310;409;0;489;829,1.000000;1.000000;1.000000;1.000000;1.000000;1.000000;1.000000;1.000000
23,60,c23_f000060,outer,11,1158,307,209,42,213,321.4291882556131,321.6839378238342,1395,246.86160278320312,0.0,6256;23747;14796;17839;7213;499;14050;28868,1.000000;1.000000;1.000000;1.000000;1.000000;1.000000;1.000000;1.000000
23,60,c23_f000060,outer,25,949,368,497,32,88,381.87565858798735,539.8524762908324,2207,231.65382385253906,0.0,38986;42690;25173;36625;34256;18819;42769;4160,1.000000;1.000000;1.000000;1.000000;0.953456;0.951148;0.946944;0.946944
23,60,c23_f000060,outer,14,627,378,250,57,68,399.6714513556619,277.70175438596493,1331,305.5946350097656,0.0,25261;23875;19764;21708;4210;2730;9699;19502,1.000000;1.000000;1.000000;1.000000;1.000000;1.000000;1.000000;1.000000
23,120,c23_f000120,inner,20,158,366,409,25,21,378.87974683544303,419.19620253164555,1245,323.4452209472656,0.0,9151;7748;6256;7272;2117;1091;5129;5261,1.000000;1.000000;1.000000;1.000000;1.000000;1.000000;1.000000;1.000000
23,120,c23_f000120,inner,19,155,404,356,20,35,413.53548387096777,372.16129032258067,628,123.5444564819336,0.0,29659;29215;27035;27815;16249;3355;19899;20265,1.000000;1.000000;1.000000;1.000000;1.000000;1.000000;1.000000;1.000000
23,120,c23_f000120,inner,17,72,401,324,24,3,412.5,325.0,664,164.73928833007812,0.0,43332;27323;23610;23875;17031;9699;19526;21083,1.000000;1.000000;1.000000;1.000000;1.000000;1.000000;1.000000;1.000000
23,120,c23_f000120,inner,18,48,397,344,6,12,399.5833333333333,349.4583333333333,787,197.12716674804688,0.0,24052;18968;10434;13483;3300;2094;3495;8945,1.000000;1.000000;1.000000;1.000000;1.000000;1.000000;1.000000;1.000000
23,120,c23_f000120,outer,27,1189,347,409,27,116,357.1951219512195,472.3397813288478,4344,924.980224609375,0.0,7989;6814;4248;6734;2975;2631;3310;4045,1.000000;1.000000;1.000000;1.000000;1.000000;1.000000;1.000000;1.000000
23,120,c23_f000120,outer,34,558,333,502,36,55,346.7204301075269,537.2275985663082,2400,713.9352416992188,0.0,6122;5694;4160;4917;847;78;1086;3567,1.000000;1.000000;1.000000;1.000000;1.000000;1.000000;1.000000;1.000000
23,120,c23_f000120,outer,22,786,315,328,19,171,322.68066157760813,413.2188295165394,2023,412.7269287109375,0.0,25630;23360;14772;18420;10845;8602;11516;13396,1.000000;1.000000;1.000000;1.000000;1.000000;1.000000;1.000000;1.000000
23,120,c23_f000120,outer,33,1069,377,486,64,74,405.49391955098224,538.3479887745557,1052,120.05941772460938,0.0,28438;40353;20560;5323;40639;7947;19231;12624,0.809172;0.798555;0.778660;0.776466;0.766956;0.762523;0.718728;0.718727
23,180,c23_f000180,inner,20,167,318,382,5,45,320.5988023952096,405.7305389221557,516,64.39431762695312,0.0,25621;42361;30487;35809;41383;17343;44623;10635,1.000000;0.954339;0.946944;0.893889;0.785538;0.777514;0.773845;0.757075
23,180,c23_f000180,inner,16,73,398,294,8,13,401.13698630136986,300.2191780821918,513,63.310123443603516,0.0,17381;8181;35231;42774;4053;1436;2002;28446,1.000000;0.953011;0.946944;0.946944;0.946944;0.946944;0.912711;0.896473
23,180,c23_f000180,inner,11,50,404,268,11,11,408.96,272.9,349,65.10124969482422,0.0,28128;28288;33089;36696;17742;15088;28125;32505,1.000000;1.000000;0.935545;0.893889;0.889465;0.870872;0.870872;0.870872
23,180,c23_f000180,inner,7,44,324,202,9,8,328.15909090909093,205.36363636363637,38,0.8597642779350281,0.0,13813;23140;34382;8180;11325;32697;35836;14095,0.040653;0.040631;0.040594;0.040586;0.040545;0.040489;0.040245;0.034795
23,180,c23_f000180,outer,21,2371,365,347,79,191,407.77477857444114,446.6630113876002,5912,1099.36279296875,0.0,1890;1599;1023;1500;499;59;525;644,1.000000;1.000000;1.000000;1.000000;1.000000;1.000000;1.000000;1.000000
23,180,c23_f000180,outer,22,1320,322,425,61,137,350.919696969697,510.5143939393939,3795,1000.52197265625,0.0,6504;6308;4847;5886;1355;98;1687;3924,1.000000;1.000000;1.000000;1.000000;1.000000;1.000000;1.000000;1.000000
23,180,c23_f000180,outer,5,764,367,193,91,80,416.8324607329843,236.86780104712042,1707,343.2497253417969,0.0,9837;40315;22054;31997;16454;15663;44365;25666,1.000000;1.000000;1.000000;0.999999;0.951148;0.951148;0.924872;0.924872
23,180,c23_f000180,outer,14,467,317,281,14,98,323.4732334047109,327.0149892933619,409,29.53426742553711,0.0,32801;34330;17616;28413;8197;18270;41243;39852,0.533657;0.411780;0.393372;0.383696;0.372967;0.365763;0.365763;0.364425
23,240,c23_f000240,inner,19,205,384,367,16,40,391.6439024390244,389.35121951219514,939,123.04585266113281,0.0,11513;14903;43353;22617;18956;46568;34079;9037,0.999997;0.946944;0.946929;0.915797;0.893889;0.893889;0.875466;0.873982
23,240,c23_f000240,inner,17,69,390,305,7,14,392.59420289855075,311.6521739130435,944,120.37823486328125,0.0,44878;16218;1436;7854;16974;42491;26205;6029,1.000000;0.954339;0.946944;0.941203;0.900368;0.893889;0.893563;0.880319
23,240,c23_f000240,inner,21,76,395,520,12,9,400.0394736842105,523.5131578947369,690,108.51726531982422,0.0,41499;41999;8878;26605;46655;12213;14009;17985,1.000000;1.000000;0.999999;0.999997;0.954339;0.954339;0.946944;0.945767
23,240,c23_f000240,inner,20,36,334,427,5,11,335.55555555555554,432.25,649,135.69479370117188,0.0,15943;31236;21365;42915;10094;31601;20728;27724,1.000000;0.954230;0.946944;0.946944;0.946944;0.923928;0.915797;0.912711
23,240,c23_f000240,outer,21,756,338,435,39,106,360.8399470899471,483.5515873015873,4683,1059.1278076171875,0.0,1355;1089;654;804;58;52;98;561,1.000000;1.000000;1.000000;1.000000;1.000000;1.000000;1.000000;1.000000
23,240,c23_f000240,outer,22,696,336,530,71,33,375.39942528735634,550.7744252873563,2866,675.1005859375,0.0,12677;12638;6691;11816;735;691;2159;4219,1.000000;1.000000;1.000000;1.000000;1.000000;1.000000;1.000000;1.000000
23,240,c23_f000240,outer,20,861,382,406,44,118,404.2241579558653,480.3983739837398,2138,387.0311279296875,0.0,38483;37225;21640;23747;18107;11962;18342;19552,1.000000;1.000000;1.000000;1.000000;1.000000;1.000000;1.000000;1.000000
23,240,c23_f000240,outer,15,751,323,324,16,93,331.4860186418109,365.9906790945406,1314,188.20266723632812,0.0,31502;3751;14326;25621;17099;10243;36605;30500,1.000000;0.999921;0.997742;0.946944;0.946944;0.946944;0.946935;0.939861
23,300,c23_f000300,inner,13,235,393,329,12,56,400.36170212765956,357.4723404255319,1093,174.52188110351562,0.0,28918;42672;38295;17401;7166;1884;9495;29513,0.954339;0.946944;0.915797;0.893889;0.893889;0.882113;0.869788;0.868978
23,300,c23_f000300,inner,10,133,401,282,9,31,406.25563909774434,298.406015037594,877,125.04332733154297,0.0,3048;41276;29934;29647;14694;35896;5487;25187,0.990054;0.985280;0.905347;0.891672;0.882132;0.840782;0.822025;0.796383
23,300,c23_f000300,inner,19,64,383,519,10,8,388.046875,521.890625,482,67.49166870117188,0.0,23348;10258;11348;31668;26880;35051;34155;22864,0.998308;0.946944;0.893889;0.870872;0.840833;0.817817;0.817817;0.787778
23,300,c23_f000300,inner,5,83,365,178,6,23,367.421686746988,188.93975903614458,108,13.589258193969727,0.0,34879;30072;19374;36587;40534;26664;9459;20102,0.695711;0.607303;0.584612;0.582578;0.513874;0.483469;0.449829;0.448943
23,300,c23_f000300,outer,13,1487,317,314,53,213,335.6267652992602,420.950907868191,6348,1160.8447265625,0.0,7285;2975;2396;2584;561;489;1375;2088,1.000000;1.000000;1.000000;1.000000;1.000000;1.000000;1.000000;1.000000
23,300,c23_f000300,outer,8,480,369,201,36,76,391.26875,236.21666666666667,2535,545.199951171875,0.0,24124;22615;21207;22089;1902;1274;4605;13821,1.000000;1.000000;1.000000;1.000000;1.000000;1.000000;1.000000;1.000000
23,300,c23_f000300,outer,16,796,366,502,56,70,398.02386934673365,548.0402010050251,1448,252.3161163330078,0.0,28821;2855;772;16953;4642;30366;14943;13443,1.000000;1.000000;0.998485;0.986696;0.976142;0.961136;0.951148;0.947396
23,300,c23_f000300,outer,10,1024,264,254,62,63,298.8037109375,281.9951171875,95,2.5892248153686523,0.0,30772;39056;34803;46475;36780;44296;22835;43013,0.045433;0.042586;0.039401;0.039401;0.039344;0.039316;0.039158;0.038987
23,360,c23_f000360,inner,12,220,383,301,15,22,389.2318181818182,311.1045454545455,940,276.8487243652344,0.0,25796;25024;18798;23753;9036;7608;12416;18270,1.000000;1.000000;1.000000;1.000000;1.000000;1.000000;1.000000;1.000000
23,360,c23_f000360,inner,20,130,351,426,7,24,353.5846153846154,436.0692307692308,1679,374.5732421875,0.0,14110;13251;12921;12955;7941;5048;8185;12307,1.000000;1.000000;1.000000;1.000000;1.000000;1.000000;1.000000;1.000000
23,360,c23_f000360,inner,17,231,398,386,11,53,402.76190476190476,415.8874458874459,399,40.43985366821289,0.0,27891;39372;18529;3341;27833;27324;24435;41340,0.681667;0.680834;0.605594;0.575556;0.554915;0.529522;0.513449;0.482429
23,360,c23_f000360,inner,21,34,365,452,5,8,367.0,455.94117647058823,756,136.04415893554688,0.0,12776;37102;17497;30399;21285;18407;41490;25911,1.000000;1.000000;1.000000;1.000000;1.000000;0.999912;0.997394;0.990115
23,360,c23_f000360,outer,33,393,322,495,40,51,339.81933842239187,527.7251908396946,1921,555.764404296875,0.0,7932;6122;5003;5694;847;735;2058;3786,1.000000;1.000000;1.000000;1.000000;1.000000;1.000000;1.000000;1.000000
23,360,c23_f000360,outer,24,422,310,428,36,61,328.6777251184834,456.06161137440756,2109,349.9205322265625,0.0,8474;8410;7072;7964;4077;561;4248;6256,1.000000;1.000000;1.000000;1.000000;1.000000;1.000000;1.000000;1.000000
23,360,c23_f000360,outer,34,486,367,509,44,61,386.99588477366257,539.8539094650206,1805,256.7122497558594,0.0,22339;20607;16482;19707;9803;5101;10258;11348,1.000000;1.000000;1.000000;1.000000;1.000000;1.000000;1.000000;1.000000
23,360,c23_f000360,outer,6,813,367,200,73,125,412.42435424354244,259.6260762607626,689,139.97027587890625,0.0,21207;31054;30752;10733;13821;9231;27770;26493,1.000000;1.000000;1.000000;0.976138;0.946944;0.924872;0.924872;0.870872
23,420,c23_f000420,inner,21,216,317,410,11,50,319.625,438.39814814814815,1148,138.72396850585938,0.0,11639;6651;4248;6256;17170;18449;31471;10545,0.972480;0.946944;0.946944;0.946944;0.907239;0.893889;0.843577;0.838607
23,420,c23_f000420,inner,10,86,394,295,11,12,398.25581395348837,300.1046511627907,394,110.66000366210938,0.0,11497;33861;31374;34861;23981;40133;31619;15378,1.000000;1.000000;1.000000;0.999918;0.999776;0.998409;0.986691;0.952637
23,420,c23_f000420,inner,24,49,401,472,5,15,403.40816326530614,479.3469387755102,498,89.17205810546875,0.0,27022;34262;34279;43594;42888;41878;6846;32007,1.000000;0.997645;0.986147;0.984229;0.946944;0.946944;0.946944;0.946944
23,420,c23_f000420,inner,20,165,409,399,12,41,416.46060606060604,420.92121212121214,229,11.257102966308594,0.0,25621;35809;42361;10635;27829;2391;8654;30200,0.711706;0.681667;0.665916;0.573677;0.434552;0.324974;0.322446;0.301199
23,420,c23_f000420,outer,19,1594,345,412,60,140,370.974278544542,479.8732747804266,5483,1183.7630615234375,0.0,829;691;626;640;58;52;133;348,1.000000;1.000000;1.000000;1.000000;1.000000;1.000000;1.000000;1.000000
23,420,c23_f000420,outer,22,769,322,459,35,129,331.57997399219767,531.70611183355,2391,547.6419677734375,0.0,10779;8237;6514;7113;2088;1892;2396;5886,1.000000;1.000000;1.000000;1.000000;1.000000;1.000000;1.000000;1.000000
23,420,c23_f000420,outer,3,1399,251,127,85,191,295.7441029306648,229.93066476054324,415,92.67430114746094,0.0,32905;10664;25413;41932;7684;32465;19364;38230,0.996795;0.996133;0.951148;0.951148;0.946944;0.893889;0.867697;0.847856
23,420,c23_f000420,outer,15,521,314,308,15,96,320.7408829174664,351.8848368522073,988,144.64788818359375,0.0,2401;27175;13008;37541;17402;22928;36888;43794,1.000000;1.000000;1.000000;1.000000;1.000000;0.951148;0.938330;0.893889
23,480,c23_f000480,inner,10,321,389,294,13,51,393.1557632398754,320.45482866043614,1677,394.627685546875,0.0,22259;22204;16584;18910;13638;8158;14612;14938,1.000000;1.000000;1.000000;1.000000;1.000000;1.000000;1.000000;1.000000
23,480,c23_f000480,inner,6,76,377,248,10,20,381.5263157894737,258.0,869,105.14293670654297,0.0,37020;3335;40391;32121;18824;13216;29246;23788,0.787778;0.736653;0.720009;0.718520;0.718043;0.697763;0.681667;0.665973
23,480,c23_f000480,inner,5,53,362,197,12,8,367.8490566037736,201.11320754716982,578,106.26803588867188,0.0,6635;18298;34584;8769;13390;21470;27077;37635,1.000000;1.000000;0.987168;0.840813;0.838607;0.817817;0.805847;0.794800
23,480,c23_f000480,inner,12,52,401,380,5,13,403.1730769230769,386.5192307692308,424,47.012298583984375,0.0,14668;31217;29959;11705;30337;5946;17906;17854,0.787778;0.734722;0.711706;0.703395;0.680389;0.639904;0.628611;0.628611
23,480,c23_f000480,outer,14,1508,316,300,35,173,334.00928381962865,374.90848806366046,3394,745.0317993164062,0.0,12705;10148;7956;7989;3830;348;7113;7521,1.000000;1.000000;1.000000;1.000000;1.000000;1.000000;1.000000;1.000000
23,480,c23_f000480,outer,19,858,328,474,66,123,350.07342657342656,557.2062937062936,3159,866.8248901367188,0.0,13349;12903;11036;11855;7579;4371;8758;10779,1.000000;1.000000;1.000000;1.000000;1.000000;1.000000;1.000000;1.000000
23,480,c23_f000480,outer,18,1324,375,428,35,118,391.16163141993957,490.6359516616314,2553,282.0418701171875,0.0,43198;41253;28126;35284;22129;7406;24217;26099,1.000000;1.000000;1.000000;1.000000;1.000000;1.000000;1.000000;1.000000
23,480,c23_f000480,outer,15,161,393,344,11,38,398.17391304347825,361.93167701863354,888,166.46511840820312,0.0,22527;15544;16618;22269;31414;26250;23392;27757,1.000000;0.993728;0.951148;0.923928;0.917803;0.905985;0.892921;0.870872
23,540,c23_f000540,inner,8,173,396,265,10,39,399.4393063583815,287.22543352601156,883,48.411983489990234,0.0,1258;16896;33233;32807;279;32151;27323;45812,0.570464;0.547956;0.543567;0.469444;0.469444;0.449829;0.423411;0.417912
23,540,c23_f000540,inner,7,31,380,200,9,5,384.19354838709677,202.29032258064515,666,151.2978515625,0.0,37635;21149;32551;37207;20794;11566;16454;42167,1.000000;1.000000;0.990189;0.990126;0.954339;0.954339;0.946944;0.936153
23,540,c23_f000540,inner,14,32,401,349,4,10,402.40625,353.5625,490,68.85377502441406,0.0,13899;14147;31175;42493;37514;46122;38024;1599,0.844373;0.840833;0.837307;0.808433;0.741744;0.741744;0.733553;0.720009
23,540,c23_f000540,inner,13,26,399,337,4,7,400.5,340.0,448,57.056236267089844,0.0,24180;42493;37304;29941;32365;42955;17360;20479,1.000000;0.831185;0.820683;0.787778;0.764625;0.733097;0.726179;0.718520
23,540,c23_f000540,outer,22,1570,328,325,33,226,345.33630573248405,425.5140127388535,5461,1320.5665283203125,0.0,4623;4219;3994;4194;1449;1375;3281;3830,1.000000;1.000000;1.000000;1.000000;1.000000;1.000000;1.000000;1.000000
23,540,c23_f000540,outer,30,963,380,460,23,85,390.3883696780893,508.11318795430947,3535,458.5971984863281,0.0,40204;30942;28321;29871;5382;5012;18845;20268,1.000000;1.000000;1.000000;1.000000;1.000000;1.000000;1.000000;1.000000
23,540,c23_f000540,outer,31,561,350,552,56,39,371.11051693404636,578.3600713012478,1327,246.41627502441406,0.0,30983;28175;19418;23172;10442;8237;13439;19085,1.000000;1.000000;1.000000;1.000000;1.000000;1.000000;1.000000;1.000000
23,540,c23_f000540,outer,12,215,372,203,21,50,380.153488372093,227.96279069767442,1647,363.70587158203125,0.0,14323;27007;9700;39895;32505;22615;24461;4602,1.000000;1.000000;1.000000;0.976142;0.976142;0.976142;0.976129;0.951148
